GSI_Value,Red_Coloration_Area
7.570329087,2.35
2.684387992,2.969
6.802954819,18.237
3.593015447,26.563
4.975701748,23.845
8.985811876,14.425
20.66242691,8.504
16.21211445,12.299
5.818024967,17.055
13.53704813,22.011
14.07261086,5.32
3.020408163,9.542
3.692621557,10.331
2.224639652,15.288
2.039451688,13.1997
3.039325146,2.503
2.50049613,18.2323
1.888853196,12.28804
4.051327322,13.55814
1.386119509,24.0018
3.044117647,3.478526
